{
    "test_accuracy": 0.5555555555555556,
    "precision": 0.5625,
    "recall": 0.9782608695652174,
    "f1_score": 0.7142857142857144,
    "confusion_matrix": [
        [
            0,
            35
        ],
        [
            1,
            45
        ]
    ],
    "epochs_trained": 38
}