{
  "test_accuracy": 0.8425531914893617,
  "test_precision": 0.7333333333333333,
  "test_recall": 0.5689655172413793,
  "test_f1": 0.6407766990291263
}